id,agency_id,location_name,active_dates
1,86,Corbett (2DS056) @ SB I-5 MP298.9,"[2018-01-09,)"
2,92,Madison (2DS042) @ NB I-5 MP300.8,"[2018-01-09,)"
3,93,Madison (2DS071) @ SB I-5 MP300.8,"[2018-01-09,)"
4,95,N. Morrison Bridge (2DS070) @ NB I-5 MP301.32,"[2018-01-09,)"
5,85,Corbett (2DS056) @ NB I-5 MP298.9,"[2018-01-09,)"
6,106,5th (2R394) to SB I-405,"[2018-01-09,)"
7,107,Broadway (2R388) to SB I-405,"[2018-01-09,)"
8,108,Montgomery (2R384) to SB I-405,"[2018-01-09,)"
9,109,Taylor (2R385) to SB I-405,"[2018-01-09,)"
10,110,Everett (2R386) to SB I-405,"[2018-01-09,)"
11,111,Couch (2R389) to NB I-405,"[2018-01-09,)"
12,112,Glisan (2R395) to NB I-405,"[2018-01-09,)"
13,96,Naito/Harbor (2R391) to SB I-5,"[2018-01-09,)"
14,113,Macadam (2R301) to NB I-5,"[2018-01-09,)"
15,114,Hood (2R302) to SB I-5,"[2018-01-09,)"
16,117,Broadway (2DS010) @ NB I-5 MP302.52,"[2018-01-09,)"
17,118,Broadway (2DS010) @ SB I-5 MP302.51,"[2018-01-09,)"
18,120,Broadway (2DS006) @ SB I-405 MP1.15,"[2018-01-09,)"
19,124,WB Elligsen Slip (2R314) to NB I-5,"[2018-01-09,)"
20,127,Lower Boones (2R311) to NB I-5,"[2018-01-09,)"
21,128,Carman (2R316) to NB I-5,"[2018-01-09,)"
22,129,OR 217/Kruse Way (2R317) to NB I-5,"[2018-01-09,)"
23,130,Wilsonville Rd (2R399) to SB I-5,"[2018-01-09,)"
24,131,Nyberg (2R320) to SB I-5,"[2018-01-09,)"
25,132,Lower Boones (2R321) to SB I-5,"[2018-01-09,)"
26,133,Carman (2R322) to SB I-5,"[2018-01-09,)"
27,134,OR 217/Kruse Way (2R310) to SB I-5,"[2018-01-09,)"
28,121,Alder (2DS009) @ NB I-405 MP2.12,"[2018-01-09,)"
29,94,N. Morrison Bridge (2DS070) @ SB I-5 MP301.32,"[2018-01-09,)"
30,119,Broadway (2DS006) @ NB I-405 MP1.15,"[2018-01-09,)"
31,145,Jefferson (2DS008) @ SB I-405 MP1.77,"[2018-01-09,)"
32,147,Jefferson (2DS008) @ NB I-405 MP1.77,"[2018-01-09,)"
33,148,N. Wilsonville (2DS051) @ NB I-5 MP285.28,"[2018-01-09,)"
34,149,Norwood (2DS052) @ NB I-5 MP287.46,"[2018-01-09,)"
35,150,N. Wilsonville (2DS051) @ SB I-5 MP285.28,"[2018-01-09,)"
36,151,Norwood (2DS052) @ SB I-5 MP287.46,"[2018-01-09,)"
37,116,EB Elligsen Loop (2R315) to NB I-5,"[2018-01-09,)"
38,122,Wilsonville Rd (2R396) to NB I-5,"[2018-01-09,)"
39,165,NB OR 217 (2DS044) to WB US 26 MP0.08,"[2018-01-09,)"
40,167,WB US 26 (2DS045) to SB OR 217 MP69.1,"[2018-01-09,)"
41,168,EB US 26 (2DS046) to SB OR 217 MP69.16,"[2018-01-09,)"
42,140,Ross Island (2DS060) @ NB I-405 MP0.2,"[2018-01-09,)"
43,144,US 26 off-ramp (2DS008) @ SB I-405 MP1.77,"[2018-01-09,)"
44,143,Taylor St on-ramp (2DS008) @ SB I-405 MP1.77,"[2018-01-09,)"
45,142,Ross Island off-ramp (2DS060) @ SB I-405 MP0.2,"[2018-01-09,)"
46,173,Ross Island (2DS060) SB I-5 MP299.8,"[2018-01-09,)"
47,91,Marquam Bridge Catwalk (2DS058) @ SB I-5 MP300.26,"[2018-01-09,)"
48,179,OR 217 off-ramp (2DS067) @ EB US26 MP69.31,"[2018-01-09,)"
49,181,OR 217 off-ramp (2DS067) @ WB US26 MP69.31,"[2018-01-09,)"
50,193,Terwilliger (2DS054) @ SB I-5 MP297.3,"[2018-01-09,)"
51,194,Miles (2DS055) @ SB I-5 MP297.6,"[2018-01-09,)"
52,195,"EB US 26 (2R383) to NB I-405, Market","[2018-01-09,)"
53,196,WB US 26 Frontage (2R367) at Skyline,"[2018-01-09,)"
54,197,Barnes (2R355) to WB US 26 Frontage,"[2018-01-09,)"
55,198,Miles (2DS055) @ NB I-5 MP297.6,"[2018-01-09,)"
56,200,Terwilliger (2DS054) @ NB I-5 MP297.3,"[2018-01-09,)"
57,201,Haines (2R308) to NB I-5,"[2018-01-09,)"
58,202,99W (2R307) to NB I-5,"[2018-01-09,)"
59,203,Capitol (2R306) to NB I-5,"[2018-01-09,)"
60,204,Spring Garden (2R305) to NB I-5,"[2018-01-09,)"
61,205,Multnomah (2R304) to NB I-5,"[2018-01-09,)"
62,210,Broadway (2R001) to NB I-5,"[2018-01-09,)"
63,211,Going (2R002) to NB I-5,"[2018-01-09,)"
64,212,Alberta (2R003) to NB I-5,"[2018-01-09,)"
65,213,Rosa Parks (2R004) to NB I-5,"[2018-01-09,)"
66,215,Victory (2R006) to NB I-5,"[2018-01-09,)"
67,216,Marine Dr/99E (2R007) to NB I-5,"[2018-01-09,)"
68,217,Jantzen Beach (2R008) to NB I-5,"[2018-01-09,)"
69,218,Haines (2R323) to SB I-5,"[2018-01-09,)"
70,219,99W (2R324) to SB I-5,"[2018-01-09,)"
71,220,Capitol (2R306) on SB I-5,"[2018-01-09,)"
72,221,Spring Garden (2R305) on SB I-5,"[2018-01-09,)"
73,222,Wheeler (2R018) to SB I-5,"[2018-01-09,)"
74,223,Greeley (2DS112) to SB I-5,"[2018-01-09,)"
75,224,Going (2R020) to SB I-5,"[2018-01-09,)"
76,225,Alberta (2R015) to SB I-5,"[2018-01-09,)"
77,226,Rosa Parks (2R014) to SB I-5,"[2018-01-09,)"
78,227,EB Lombard (2R012) to SB I-5,"[2018-01-09,)"
79,228,WB Lombard (2R013) to SB I-5,"[2018-01-09,)"
80,229,Columbia (2R011) to SB I-5,"[2018-01-09,)"
81,230,Victory (2R021) to SB I-5,"[2018-01-09,)"
82,231,Marine Dr/99E (2R010) to SB I-5,"[2018-01-09,)"
83,232,Jantzen Beach (2R009) to SB I-5,"[2018-01-09,)"
84,246,EB Morrison (2R074) to EB I-84,"[2018-01-09,)"
85,247,Grand (2R075) to EB I-84,"[2018-01-09,)"
86,248,16th ( 2R076) to EB I-84,"[2018-01-09,)"
87,249,Cesar Chavez (2R078) to EB I-84,"[2018-01-09,)"
88,250,60th (2R073) to EB I-84,"[2018-01-09,)"
89,251,33rd (2R077) to WB I-84,"[2018-01-09,)"
90,252,Sandy (2R079) to WB I-84,"[2018-01-09,)"
91,253,58th (2R081) to WB I-84,"[2018-01-09,)"
92,254,82nd/Halsey (2R080) to WB I-84,"[2018-01-09,)"
93,255,Glisan (2R023) to WB I-84,"[2018-01-09,)"
94,256,207th (2R085) to WB I-84,"[2018-01-09,)"
95,257,Stafford Rd (2R377) to NB I-205,"[2018-01-09,)"
96,258,10th (2R378) to NB I-205,"[2018-01-09,)"
97,259,SB OR 43 (2R380) to NB I-205,"[2018-01-09,)"
98,261,99E (2R042) to NB I-205,"[2018-01-09,)"
99,262,OR 213/Park Place (2R035) to I-205 NB,"[2018-01-09,)"
100,263,82nd Dr/Gladstone (2R044) to NB I-205,"[2018-01-09,)"
101,264,Or 212/224 (2R045) to NB I-205,"[2018-01-09,)"
102,265,Lawnfield (2R046) to NB I-205,"[2018-01-09,)"
103,266,Sunnybrook(2R053) to NB I-205,"[2018-01-09,)"
104,267,Sunnyside (2R054) to NB I-205,"[2018-01-09,)"
105,268,Johnson Cr (2R049) to NB I-205,"[2018-01-09,)"
106,269,Foster (2R050) to NB I-205,"[2018-01-09,)"
107,270,Powell (2R051) to NB I-205,"[2018-01-09,)"
108,271,Division (2R052) to NB I-205,"[2018-01-09,)"
109,272,Glisan (2R022) to NB I-205,"[2018-01-09,)"
110,273,Columbia (2R024) to NB I-205,"[2018-01-09,)"
111,275,Stafford Rd (2R390) to SB I-205,"[2018-01-09,)"
112,276,EB Airport Way (2R057) to NB I-205,"[2018-01-09,)"
113,277,10th (2R379) to SB I-205,"[2018-01-09,)"
114,278,OR 43 (2R351) to SB I-205,"[2018-01-09,)"
115,279,99E (2R041) to SB I-205,"[2018-01-09,)"
116,280,OR 213/Park Place (2R036) to SB I-205,"[2018-01-09,)"
117,281,82nd Dr/Gladstone (2R039) to SB I-205,"[2018-01-09,)"
118,282,OR 212/224 (2R038) to SB I-205,"[2018-01-09,)"
119,284,Milwaukie Expressway (2R037) to SB I-205,"[2018-01-09,)"
120,285,Sunnybrook (2R029) to SB I-205,"[2018-01-09,)"
121,286,Sunnyside (2R028) to SB I-205,"[2018-01-09,)"
122,287,Johnson Creek (2R034) to SB I-205,"[2018-01-09,)"
123,288,Foster (2R033) to SB I-205,"[2018-01-09,)"
124,289,Powell (2R032) to SB I-205,"[2018-01-09,)"
125,290,Division (2R031) to SB I-205,"[2018-01-09,)"
126,291,Washington (2R030) to SB I-205,"[2018-01-09,)"
127,292,Glisan (2R055) to SB I-205,"[2018-01-09,)"
128,293,Columbia (2R025) to SB I-205,"[2018-01-09,)"
129,294,EB Airport Way (2R027) to SB I-205,"[2018-01-09,)"
130,295,WB Airport Way (2R026) to SB I-205,"[2018-01-09,)"
131,296,NB I-405 (2DS011) to NB I-5 MP4.2,"[2018-01-09,)"
132,297,SB I-5 (2DS011) to SB I-405 MP4.09,"[2018-01-09,)"
133,298,NB I-5 (2DS011) @ I-405 MP303.47,"[2018-01-09,)"
134,299,SB I-5 (2DS011) @ I-405 MP303.47,"[2018-01-09,)"
135,300,N. Lombard off-ramp (2DS012) @ NB I-5 MP305.6,"[2018-01-09,)"
136,301,N. Lombard off-ramp (2DS012) @ SB I-5 MP305.6,"[2018-01-09,)"
137,306,Prosperity Park (2DS001) @ NB I-205 MP1.96,"[2018-01-09,)"
138,307,Blankenship (2DS002) @ NB I-205 MP5.39,"[2018-01-09,)"
139,308,Viewpoint (2DS003) @ NB I-205 MP7.6,"[2018-01-09,)"
140,309,Prescott (2DS005) @ NB I-205 MP23.27,"[2018-01-09,)"
141,310,Prosperity Park (2DS001) @ SB I-205 MP1.96,"[2018-01-09,)"
142,311,Blankenship (2DS002) @ SB I-205 MP5.39,"[2018-01-09,)"
143,312,Viewpoint (2DS003) @ SB I-205 MP7.6,"[2018-01-09,)"
144,313,Prescott (2DS005) @ SB I-205 MP23.27,"[2018-01-09,)"
145,314,OR 99W (2DS053) @ SB I-5 MP294.05,"[2018-01-09,)"
146,315,Park Place (2DS078) @ NB I-205 MP10.2,"[2018-01-09,)"
147,316,Park Place (2DS078) @ SB I-205 MP10.2,"[2018-01-09,)"
148,317,Halsey (2DS004) @ NB I-205 MP21.68,"[2018-01-09,)"
149,321,W. Grand (2DS013) @ EB I-84 MP0.45,"[2018-01-09,)"
150,322,Holiday ramp (2DS014) @ EB I-84 MP1.21,"[2018-01-09,)"
151,323,28th (2DS015) @ EB I-84 MP1.82,"[2018-01-09,)"
152,324,53rd (2DS016) @ EB I-84 MP3.36,"[2018-01-09,)"
153,325,Halsey ramp (2DS017) @ EB I-84 MP4.25,"[2018-01-09,)"
154,326,82nd (2DS018) @ EB I-84 MP5.03,"[2018-01-09,)"
155,327,Halsey (2DS019) @ EB I-84 MP5.82,"[2018-01-09,)"
156,329,102nd off-ramp (2DS020) @ EB I-84 MP6.7,"[2018-01-09,)"
157,330,122nd (2DS021) @ EB I-84 MP10.04,"[2018-01-09,)"
158,331,148th (2DS022) @ EB I-84 MP11.47,"[2018-01-09,)"
159,332,162nd (2DS023) @ EB I-84 MP12.16,"[2018-01-09,)"
160,333,181st (2DS024) @ EB I-84 MP13.04,"[2018-01-09,)"
161,334,207th (2DS025) @ EB I-84 MP14.4,"[2018-01-09,)"
162,335,223rd (2DS026) @ EB I-84 MP15.17,"[2018-01-09,)"
163,336,238th (2DS027) @ EB I-84 MP15.94,"[2018-01-09,)"
164,337,Marine Dr (2DS028) @ EB I-84 MP16.9,"[2018-01-09,)"
165,338,W. Grand (2DS013) @ WB I-84 MP0.45,"[2018-01-09,)"
166,339,Holiday ramp (2DS014) @ WB I-84 MP1.21,"[2018-01-09,)"
167,340,28th (2DS015) @ WB I-84 MP1.82,"[2018-01-09,)"
168,318,Halsey (2DS004) @ SB I-205 MP21.68,"[2018-01-09,)"
169,341,53rd (2DS016) @ WB I-84 MP3.36,"[2018-01-09,)"
170,342,Halsey ramp (2DS017) @ WB I-84 MP4.25,"[2018-01-09,)"
171,343,82nd (2DS018) @ WB I-84 MP5.03,"[2018-01-09,)"
172,344,Halsey (2DS019) @ WB I-84 MP5.82,"[2018-01-09,)"
173,345,102nd (2DS020) @ WB I-84 MP6.7,"[2018-01-09,)"
174,346,122nd (2DS021) @ WB I-84 MP10.04,"[2018-01-09,)"
175,347,148th (2DS022) @ WB I-84 MP11.47,"[2018-01-09,)"
176,348,162nd (2DS023) @ WB I-84 MP12.16,"[2018-01-09,)"
177,349,181st (2DS024) @ WB I-84 MP13.04,"[2018-01-09,)"
178,350,207th (2DS025) @ WB I-84 MP14.4,"[2018-01-09,)"
179,351,223rd (2DS026) @ WB I-84 MP15.17,"[2018-01-09,)"
180,352,238th (2DS027) @ WB I-84 MP15.94,"[2018-01-09,)"
181,353,Marine Dr (2DS028) @ WB I-84 MP16.9,"[2018-01-09,)"
182,328,102nd (2DS020) @ EB I-84 MP6.7,"[2018-01-09,)"
183,358,Marquam Bridge (2DS079) @ NB I-5 MP300.47,"[2018-01-09,)"
184,361,Carman (2DS072) @ NB I-5 MP291.48,"[2018-01-09,)"
185,362,Carman (2DS072) @ SB I-5 MP291.48,"[2018-01-09,)"
186,367,N. Columbia off-ramp (2DS080) @ SB I-5 MP305.9,"[2018-01-09,)"
187,368,N. Columbia off-ramp (2DS080) @ NB I-5 MP305.9,"[2018-01-09,)"
188,369,A Near Side,"[2018-01-09,)"
189,370,A Far Side,"[2018-01-09,)"
190,371,B Near Side,"[2018-01-09,)"
191,372,B Far Side,"[2018-01-09,)"
192,375,D Near Side,"[2018-01-09,)"
193,380,Maintenance West Entrance (2DS089) @ EB US26 MP54.13,"[2018-01-09,)"
194,381,Maintenance West Entrance (2DS090) @ WB US26 MP54.13,"[2018-01-09,)"
195,382,Arlie Mitchell (2DS085) @ EB US26 MP43.77,"[2018-01-09,)"
196,383,Arlie Mitchell (2DS086) @ WB US26 MP43.77,"[2018-01-09,)"
197,384,Government Camp Loop West (2DS087) @ EB US26 MP52.47,"[2018-01-09,)"
304,205es02937:_MS,18th ST SB,
198,385,Government Camp Loop West (2DS088) @ WB US26 MP52.47,"[2018-01-09,)"
199,388,Frog Lake (2DS093) @ SB US26 MP61.77,"[2018-01-09,)"
200,389,Frog Lake (2DS094) @ NB US26 MP61.77,"[2018-01-09,)"
201,376,D Far Side,"[2018-01-09,)"
202,386,US26 (2DS091) @ EB OR35 MP57.52,"[2018-01-09,)"
203,387,US26 (2DS092) @ WB OR35 MP57.52,"[2018-01-09,)"
204,393,Jantzen Beach on-ramp (2DS106) @ NB I-5 MP307.92,"[2018-01-09,)"
205,396,Jantzen Beach off-ramp (2DS109) @ SB I-5 MP307.92,"[2018-01-09,)"
206,206,Bertha (2R309) to NB I-5,"[2018-01-09,)"
207,208,WB Morrison (2R017) to NB I-5,"[2018-01-09,)"
208,260,NB OR 43 (2DS095) to NB I-205,"[2018-01-09,)"
209,397,Halsey off-ramp (2DS019) @ EB I-84 MP5.82,"[2018-01-09,)"
210,398,NB I-5 (2DS082) to NB OR 217,"[2018-01-09,)"
211,373,C Near Side,"[2018-01-09,)"
212,374,C Far Side,"[2018-01-09,)"
213,274,WB Airport Way (2R056) to NB I-205,"[2018-01-09,)"
214,415,Greeley (2DS112) to NB I-5,"[2018-01-09,)"
215,125,EB Nyberg Loop (2R313) to NB I-5,"[2018-01-09,)"
216,126,WB Nyberg Slip (2R312) to NB I-5,"[2018-01-09,)"
217,67,NW Expressway (E),"[2018-01-09,)"
218,68,River Rd (E),"[2018-01-09,)"
219,69,River Ave (E),"[2018-01-09,)"
220,70,Delta Hwy (E),"[2018-01-09,)"
221,71,Coburg Rd (E),"[2018-01-09,)"
222,72,Coburg Rd (W),"[2018-01-09,)"
223,73,Delta Hwy (W),"[2018-01-09,)"
224,74,River Ave (W),"[2018-01-09,)"
225,75,River Rd (W),"[2018-01-09,)"
226,76,NW Expressway (W),"[2018-01-09,)"
227,357,Kuebler (3DS001) @ SB I-5 MP252.3,"[2018-01-09,)"
228,377,S. of Goodpasture (5DS003) @ NB Delta Hwy MP0.90,"[2018-01-09,)"
229,378,N. of Goodpasture (5DS002) @ Delta Hwy MP0.66,"[2018-01-09,)"
230,379,Beltline Hwy (5DS001) @ NB Delta Hwy MP0.32,"[2018-01-09,)"
231,401,US26 @ Fischer Rd WB,"[2018-01-09,)"
232,402,US26 @ Fischer Rd EB,"[2018-01-09,)"
233,403,US26 @ OR47 EB,"[2018-01-09,)"
234,404,US26 @ OR47 WB,"[2018-01-09,)"
235,405,OR47 SB,"[2018-01-09,)"
236,416,Mt. Bachelor EB,"[2018-01-09,)"
237,417,Mt. Bachelor WB,"[2018-01-09,)"
238,184,Zoo Interchange (2DS065) @ WB US26 MP72.17,"[2018-01-19,)"
239,236,NB Cornelius Pass Rd Slip (2R397) to EB US 26,"[2018-01-19,)"
240,190,Jefferson (2R382) to WB US 26,"[2018-01-19,)"
241,62,Hall (2R331) to SB OR 217,"[2018-01-19,)"
242,47,NB 72nd (2R348) to NB OR 217,"[2018-01-19,)"
243,188,Skyline (2R368) to EB US 26,"[2018-01-19,)"
244,189,Zoo (2R387) to EB US 26,"[2018-01-19,)"
245,400,S. OR99W (2DS033) @ SB OR 217 MP6.33,"[2018-01-19,)"
246,100,Hall (2DS064) @ NB OR 217 MP3.4,"[2018-01-19,)"
247,61,Denney (2R343) to SB OR 217,"[2018-01-19,)"
248,60,Allen (2R341) to SB OR 217,"[2018-01-19,)"
249,245,Cedar Hills (2R352) to WB US 26,"[2018-01-19,)"
250,235,SB Cornelius Pass Rd Loop (2R373) to EB US 26,"[2018-01-19,)"
251,57,Barnes (2R349) to SB OR 217,"[2018-01-19,)"
252,64,Greenburg (2R333) to SB OR 217,"[2018-01-19,)"
253,63,Scholls Ferry (2R332) to SB OR 217,"[2018-01-19,)"
254,412,Baker Valley I-84 MP298.02 WB,"[2018-01-19,)"
255,177,Jefferson (2DS068) @ EB US26 MP73.17,"[2018-01-19,)"
256,51,Scholls Ferry (2R338) to NB OR 217,"[2018-01-19,)"
257,187,Canyon (2R366) to EB US 26,"[2018-01-19,)"
258,176,Zoo on-ramp (2DS065) @ EB US26 MP72.17,"[2018-01-19,)"
259,49,SB OR 99W Slip (2R336) to NB OR 217,"[2018-01-19,)"
260,240,Murray (2R365) to EB US 26,"[2018-01-19,)"
261,182,OR 217 Camera 89 (2DS067) @ WB US26 MP69.31,"[2018-01-19,)"
262,359,S. Greenburg (2DS041) @ SB OR 217 MP5.43,"[2018-01-19,)"
263,234,Helvetia (2R374) to EB US 26,"[2018-01-19,)"
264,241,Cedar Hills (2R369) to EB US 26,"[2018-01-19,)"
265,410,Baker Valley I-84 MP279.30 EB,"[2018-01-19,)"
266,183,Jefferson (2DS068) @ WB US26 MP73.17,"[2018-01-19,)"
267,99,Canyon (2DS062) @ NB OR 217 MP1.5,"[2018-01-19,)"
268,244,Murray (2R354) to WB US 26,"[2018-01-19,)"
269,53,Allen (2R340) to NB OR 217,"[2018-01-19,)"
270,411,Baker Valley I-84 MP279.30 WB,"[2018-01-19,)"
271,399,S. OR99W (2DS033) @ NB OR 217 MP6.33,"[2018-01-19,)"
272,239,Cornell (2R372) to EB US 26,"[2018-01-19,)"
273,52,Denney (2R342) to NB OR 217,"[2018-01-19,)"
274,56,Wilshire (2R350) to SB OR 217,"[2018-01-19,)"
275,180,OR 217 Camera 89 (2DS067) @ EB US26 MP69.31,"[2018-01-19,)"
276,54,Canyon (2R344) to NB OR 217,"[2018-01-19,)"
277,414,Baker Valley I-84 MP294.87 WB,"[2018-01-19,)"
278,103,Wilshire (2DS043) @ NB OR 217 MP0.25,"[2018-01-19,)"
279,101,Hall (2DS064) @ SB OR 217 MP3.4,"[2018-01-19,)"
280,98,Canyon (2DS062) @ SB OR 217 MP1.5,"[2018-01-19,)"
281,66,72nd (2R347) to SB OR 217,"[2018-01-19,)"
282,59,B-H Hwy (2R345) to SB OR 217,"[2018-01-19,)"
283,58,Walker (2R346) to SB OR 217,"[2018-01-19,)"
284,238,NB 185th Slip (2R376) to EB US 26,"[2018-01-19,)"
285,102,Wilshire (2DS043) @ SB OR 217 MP0.25,"[2018-01-19,)"
286,237,SB 185th Loop (2R375) to EB US 26,"[2018-01-19,)"
287,55,Walker (2R339) to NB OR 217,"[2018-01-19,)"
288,243,Bethany (2R356) to WB US 26,"[2018-01-19,)"
289,304,Helvetia (2DS057) @ WB US26 MP61.05,"[2018-01-19,)"
290,65,OR 99W (2R334) to SB OR 217,"[2018-01-19,)"
291,233,Jackson School Rd (2R398) to EB US 26,"[2018-01-19,)"
292,242,185th (2R357) to WB US 26,"[2018-01-19,)"
293,192,Skyline (2R367) to WB US 26,"[2018-01-19,)"
294,303,Helvetia (2DS057) @ EB US26 MP61.05,"[2018-01-19,)"
295,50,Greenburg (2R337) to NB OR 217,"[2018-01-19,)"
296,413,Baker Valley I-84 MP298.02 EB,"[2018-01-19,)"
297,185,Parkway (2R370) to EB US 26,"[2018-01-19,)"
298,191,Clay (2R383) to WB US 26,"[2018-01-19,)"
299,48,NB OR 99W Loop (2R335) to NB OR 217,"[2018-01-19,)"
300,360,S. Greenburg (2DS041) @ NB OR 217 MP5.43,"[2018-01-19,)"
301,305,Cornelius Pass (2DS066) WB US26 MP62.48,"[2018-01-19,)"
305,014es00952:_ME,Quarry Rd.,
306,005es00756:_MS,139th,
307,005es01103:_MS,209th,
308,005es08274:_MS,Harrison Ave,
309,014es01049:_ME,East of 192nd,
310,005es00977:_MS,179th ST SB,
311,205es02836:_MN,Mill Plain,
312,005es08227:_MS,CDNB Harrison,
313,005es08132:_MS,Mellen Couplet,
315,005es08076:_MS,MELLEN CPLT OFF ,
316,005es08385:_MN,BLAKESLEE JCN,
317,005es01103:_MN,209th,
318,014es00017:_ME,Apple Tree,
319,205es02885:_MN,9th ST,
320,005es08167:_MN,MELLEN ST,
321,014es01145:_MW,Camas C/L,
322,503es00471:_MS,154th,
323,005es08132:_MN,Mellen Couplet,
324,205es02987:_MS,Burton,
325,503es00471:_MN,154th,
326,005es08076:_MN,MELLEN CPLT OFF ,
327,005es08557:_MN,L/T COUNTY LINE,
328,205es02987:_MN,Burton,
329,005es00689:_MN,129th,
330,014es01049:_MW,East of 192nd,
331,005es08167:_MS,MELLEN ST,
332,014es00091:_ME,Col. Shores BLVD,
333,205es03036:_MS,39th SB,
334,205es03435:_MS,ST Johns SB,
335,005es01346:_MS,Dolan RD,
337,005es00976:_MN,179th ST NB,
338,005es08274:_MN,Harrison Ave,
339,014es00376:_MW,73rd AVE,
340,205es03667:_MN,134th,
341,014es00376:_ME,73rd AVE,
342,005es01420:_MN,SR-501,
343,205es02836:_MS,Mill Plain,
344,205es03095:_MS,SR500 SB,
345,205es03667:_MS,134th,
346,014es00091:_MW,Col. Shores BLVD,
347,014es00500:_MW,97th AVE,
348,005es00689:_MS,129th,
349,205es03434:_MN,ST Johns NB,
350,014es00952:_MW,Quarry Rd.,
351,500es00875:_MW,152nd AVE,
352,014es00017:_MW,Apple Tree,
353,205es02885:_MS,9th ST,
354,005es01346:_MN,Dolan RD,
355,014es01145:_ME,Camas C/L,
356,005es08385:_MS,BLAKESLEE JCN,
357,005es01420:_MS,SR-501,
358,205es03094:_MN,SR500 NB,
359,014es00500:_ME,97th AVE,
4719,560,Cornelius Pass Rd. SB MP3.13,
361,005es00756:_MN,139th,
362,005es08227:_MN,CDNB Harrison,
363,005es08557:_MS,L/T COUNTY LINE,
364,205es03038:_MN,39th NB,
365,500es00875:_ME,152nd AVE,
367,005es01248:_MN,Carty Rd.,
368,005es00045:_MN,SR-14,
369,014es00772:_MW,Cascade Park Dr,
370,005es07475:_MN,Labree Rd Chehalis,
371,005es00883:_MN,I-5 NB at 159th,
372,205es03153:_MN,NE 58th,
373,005es00255:_MS,Kiggins,
374,005es00730:_MN,I-5 NB at 134th,
375,005es00310:_MS,Main St,
376,014es00559:_ME,Ellsworth EB,
377,205es03481:_MN,50th,
378,014es00305:_ME,Shorewood EB,
379,005es00378:_MN,63rd,
380,014es00305:_MW,Shorewood WB,
381,205es02726:_MN,SR14,
382,005es07654:_MN,13th Chehalis,
383,005es00045:_MS,SR-14,
384,005es00425:_MN,78th,
385,005es00425:_MS,78th,
386,005es07654:_MS,13th Chehalis,
387,014es01465:_MW,Union,
388,005es01249:_MS,Carty Rd.,
389,005es00182:_MN,I-5 NB at 29th,
390,005es01167:_MN,(NB) SR502,
391,014es01239:_MW,6th Ave,
392,205es03290:_MN,Padden,
393,205es03222:_MN,77th NB,
394,500es00146:_MW,Burnt Bridge WB,
395,014es00852:_MW,164th WB,
396,014es00240:_MW,Blandford WB,
397,005es00088:_MN,Evergreen Blvd,
398,005es00529:_MS,99th,
399,500es00146:_ME,Burnt Bridge EB,
400,500es00397:_MW,Thurston WB,
401,500es00066:_MW,15th St WB,
402,205es03223:_MS,77th SB,
403,005es00631:_MS,Salmon Cr. SB,
404,005es01175:_MS,(SB) SR502,
405,205es03345:_MN,Andresen,
406,005es00631:_MN,Salmon Cr. NB,
407,005es07475:_MS,Labree Rd Chehalis,
408,205es03562:_MS,119th,
409,205es03481:_MS,50th,
410,205es03290:_MS,Padden,
411,005es01080:_MN,199th,
412,014es00432:_ME,Lieser EB,
413,014es01239:_ME,6th Ave,
414,005es00494:_MN,86th,
415,014es00155:_ME,Grand EB,
416,014es00852:_ME,164th EB,
417,014es01465:_ME,Union,
418,014es00058:_ME,Pearson EB,
419,005es00141:_MN,4th Plain,
420,005es00210:_MS,35th St,
421,014es00630:_MW,I-205 E WB,
422,005es00378:_MS,63rd,
423,014es00559:_MW,Ellsworth WB,
424,014es00772:_ME,Cascade Park Dr,
425,005es00255:_MN,Kiggins,
427,005es07326:_MN,mp 73.3 (access gate),
428,005es00210:_MN,35th St,
429,005es00141:_MS,4th Plain,
430,014es01314:_ME,Lady Island,
431,005es00883:_MS,I-5 SB at 159th,
432,500es00397:_ME,Thurston EB,
433,005es00182:_MS,I-5 SB at 29th,
434,205es02780:_MS,10th,
435,005es00088:_MS,Evergreen Blvd,
436,005es00494:_MS,86th,
437,014es00240:_ME,Blandford EB,
438,205es03153:_MS,NE 58th,
336,500es00964:_MW,78th ST,
439,014es00630:_ME,I-205 E EB,
440,005es00310:_MN,Main St,
441,500es00066:_ME,15th St EB,
442,014es01314:_MW,Lady Island,
443,005es00730:_MS,I-5 SB at 134th,
444,205es03345:_MS,Andresen,
445,205es02726:_MS,SR14,
446,014es00155:_MW,Grand WB,
447,014es00058:_MW,Pearson WB,
448,014es00432:_MW,Lieser WB,
449,005es00529:_MN,99th,
450,005es01081:_MS,199th,
451,005es07326:_MS,mp 73.3 (access gate),
452,205es03562:_MN,119th,
453,205es02780:_MN,10th,
455,"",I-5 SB at 134th,
456,480,Glenn Jackson Bridge (2DS148) @ NB I-205 MP26.4,
457,472,Govt Camp Loop East (2DS116) @ WB US26 MP53.93,
458,453,E. Zoo Interchange (2DS107) @ EB US26 MP72.65,
459,460,SW 88th (2DS144) @ EB US26 MP69.77,
460,435,Newberg Home Acres OR99W NB MP 24.41,
461,494,OR43 (2DS135) @ NB I-205 MP8.56,
462,481,Stafford Rd (2DS139) to SB I-205 MP2,
463,459,39th (2DS109) @ WB I-84 MP2.64,
464,456,Stafford Rd (2DS139) to NB I-205 MP2.8,
465,447,Vista Ridge (2DS108) @ WB US26 MP73.71,
466,467,Run Away Truck Ramp (2DS114) @ EB US26 MP49.95,
467,483,Government Island (2DS146) @ NB I-205 MP25.6,
468,451,Vista Ridge (2DS108) @ EB US26 MP73.71 to SB I-405,
469,424,Dundee Fulquartz OR18 WB MP 56.18,
470,454,E. Zoo Interchange (2DS107) @ WB US26 MP72.65,
471,438,DSR US26 @ OR216 Jct WB,
472,482,Government Island (2DS146) @ SB I-205 MP25.6,
473,446,Kings N St (W),
474,478,N. of 10th (2DS137) @ SB I-205 MP6.89,
475,455,Stafford Rd (2DS138) to NB I-205 MP3.58,
476,468,US26 (2DS118) @ SB OR35 MP57.80,
477,420,Alberta HOV (2R003) to NB I-5,
478,421,Rosa Parks HOV (2R004) to NB I-5,
479,441,Frog Lake South (2DS119) @ NB US26 MP61.77,
480,484,Maywood Park (2DS141) @ NB I-205 MP23.02,
481,489,Division Ramp (2DS152) @ SB I-205 MP19.92,
482,485,Maywood Park (2DS141) @ SB I-205 MP23.02,
483,466,Run Away Truck Ramp (2DS114) @ WB US26 MP49.95,
484,479,N. of 10th (2DS137) @ NB I-205 MP6.89,
485,442,Frog Lake South (2DS119) @ SB US26 MP61.77,
486,458,39th (2DS109) @ EB I-84 MP2.64,
487,440,Parkdale (2DS120) @ NB OR35 MP83.51,
488,463,SW 79th (2DS106) @ WB US26 MP70.16,
489,448,Vista Ridge (2DS108) @ EB US26 MP73.71,
490,427,Dundee 8th OR18 WB MP 56.75,
491,445,Kings N St (E),
492,469,US26 (2DS118) @ NB OR35 MP57.80,
493,464,Pioneer Brindle (2DS115) @ WB US26 MP51.83,
494,470,Ski Bowl West (2DS140) @ EB US26 MP52.44,
495,439,Parkdale (2DS120) @ SB OR35 MP83.51,
496,418,Going HOV (2R002) to NB I-5,
497,492,Powell Ramp (2DS153) @ SB I-205 MP19.54,
498,465,Pioneer Brindle (2DS115) @ EB US26 MP51.83,
499,434,Newberg Home Acres OR99W SB MP 24.41,
500,449,Vista Ridge (2DS108) @ EB US26 MP73.71 to NB I-405,
501,486,Glisan Ramp (2DS151) @ NB I-205 MP21.44,
502,488,Division Ramp (2DS152) @ NB I-205 MP19.92,
503,422,Victory HOV (2R006) to NB I-5,
504,450,Vista Ridge (2DS108) @ EB US26 MP73.71 to SW Market St,
505,430,Newberg Waterfront OR18 EB MP 57.95,
506,437,DSR US26 @ OR216 Jct EB,
507,477,S. of 10th (2DS136) @ SB I-205 MP6.09,
508,432,Newberg Wynooski OR18 EB MP 59.04,
509,473,Govt Camp Loop East (2DS116) @ EB US26 MP53.93,
510,443,Trillium Lake (2DS117) @ SB US26 MP55.99,
511,475,USFS Rd 35 (2DS113) @ EB MP47.83,
512,431,Newberg Wynooski OR18 WB MP 59.04,
513,461,SW 88th (2DS144) @ WB US26 MP69.77,
514,457,SB OR 43 Loop (2DS143) to NB I-205 MP8.79,
515,429,Newberg Waterfront OR18 WB MP 57.95,
516,428,Dundee 8th OR18 EB MP 56.75,
517,471,Ski Bowl West (2DS140) @ WB US26 MP52.44,
518,490,Division Ramp On-Ramp (2DS152) @ SB I-205 MP19.92,
519,462,SW 79th (2DS106) @ EB US26 MP70.16,
520,444,Trillium Lake (2DS117) @ NB US26 MP55.99,
521,487,Burnside (2DS145) @ NB I-205 MP20.9,
522,476,USFS Rd 35 (2DS113) @ WB MP47.83,
523,426,Dundee Fulquartz OR18 EB MP 56.18,
524,491,Powell Ramp (2DS153) @ NB I-205 MP19.54,
525,493,OR43 (2DS135) @ SB I-205 MP8.56,
526,501,Lawnfield (2DS154) at NB I-205 MP13.62,
4662,502,Alberta (2DS149) @ SB I-5 MP304.3,
4663,533,EB Elligsen Loop (2DS180) @ NB I-5 MP286.25 ,
4664,529,Delta Hwy (W),
4665,505,Russell (2DS150) @ NB I-5 MP302.8,
4666,517,Poverty I-84 MP226.62 WB,
4667,541,SB Wilsonville Rd (2DS184) @ SB I-5 MP283.42,
4668,515,Cabbage I-84 MP222.35 WB,
4669,528,US20 at Cooley Rd WB,
4670,534,EB Elligsen Loop (2DS180) @ SB I-5 MP286.25 ,
4671,539,NB Wilsonville Rd (2DS183) @ NB I-5 MP284.19,
4672,511,Meacham I-84 MP239.89 EB,
4673,522,US97 Construction Zone SB,
4674,527,US20 at Cooley Rd EB,
4675,536,WB Elligsen Loop (2DS181) @ NB I-5 MP286.07,
4676,518,Deadman I-84 MP229.18 WB,
4677,507,Poverty I-84 MP226.62 EB,
4678,504,Russell (2DS150) @ SB I-5 MP302.8,
4679,514,Cabbage I-84 MP221.45 WB,
4680,523,US97 Construction Zone NB,
4681,520,Meacham I-84 MP239.89 WB,
4682,540,NB Wilsonville Rd (2DS183) @ SB I-5 MP284.19,
4683,513,Cabbage I-84 MP220.83 WB,
4684,532,WB Elligsen Slip (2DS179) @ NB I-5 MP286.56,
4685,535,WB Elligsen Loop (2DS181) @ SB I-5 MP286.07,
4686,512,Mission I-84 MP219.61 WB,
4687,509,Deadman I-84 MP229.18 EB,
4688,537,SB Elligsen Slip (2DS182) @ SB I-5 MP285.78,
4689,538,SB Elligsen Slip (2DS182) @ NB I-5 MP285.78,
4690,542,SB Wilsonville Rd (2DS184) @ NB I-5 MP283.42,
4691,506,Russell (2DS150) @ NB I-5 to I-405 MP302.8,
4692,516,Cabbage I-84 MP223.52 WB,
4693,510,Meacham I-84 MP237.10 EB,
4720,545,OR126 at Powell Butte EB,
4721,557,Siskiyou I-5 MP 6.87 NB,
4722,551,OR62 EB MP 2.2 Commerce Dr.,
4723,556,Siskiyou I-5 MP 4.62 NB,
4724,543,OR126 at Powell Butte WB,
4725,555,Lava Butte US97 MP 151 NB,
4726,559,Cornelius Pass Rd. NB MP3.13,
4727,561,Cornelius Pass Rd. NB MP2.85,
4728,554,Bend Scales US97 MP 146.56 NB,
4729,547,OR62 WB MP 2.2 Commerce Dr.,
4730,546,TestTSSU,
4731,558,Siskiyou I-5 MP 10.08 NB,
4732,552,OR62 EB MP 3.4 Vilas Rd.,
4733,562,Cornelius Pass Rd. SB MP2.85,
4734,549,OR62 WB MP 4.9 Gregory Rd.,
4735,565,105th (2DS142) @ WB I-84 MP7.59,
4736,553,OR62 EB MP 4.9 Gregory Rd.,
4737,548,OR62 WB MP 3.5 Vilas Rd.,
4738,014es00875:_ME,168th Ave,
4739,014es00837:_MW,161st Ave,
4740,205es03656:_MS,SB from 134th,
4741,205es02813:_MS,MP 28.12,
4742,005es00123:_MN,MP 1.23,
4743,005es00170:_MN,MP 1.70,
4744,005es00123:_MS,MP 1.23,
4745,205es03693:_MS,20th Ave,
4746,014es00731:_ME,Bella Vista Rd,
4747,205es02903:_MS,18th St.,
4748,205es02812:_MS,SB Millplain,
4749,205es03693:_MN,20th Ave,
4750,205es02904:_MN,18th St Onramp,
4751,205es02904:_MS,18th St Onramp,
4752,205es03356:_MN,N. of Andresen,
4753,205es03266:_MS,N. of 78th St.,
4754,014es00790:_MW,152nd Ave,
4755,205es02863:_MS,SB @ 6th St.,
4756,205es03288:_MS,EB to SB Padden,
4757,205es03069:_MS,S. of SR500,
4758,205es02956:_MN,MP 29.56,
4759,014es00685:_ME,133rd Ave,
4760,205es03244:_MS,S. of 78th St.,
4761,205es02956:_MS,MP 29.56,
4762,014es00685:_MW,133rd Ave,
4763,014es00837:_ME,161st Ave,
4764,205es03311:_MS,WB to SB Padden,
4765,205es03068:_MS,WB to SB @ SR500,
4766,014es00875:_MW,168th Ave,
4767,205es03110:_MS,SR500 NB On Rmp,
4768,205es03007:_MS,MP 30.07,
4769,205es03321:_MN,North of Padden,
4770,205es02813:_MN,MP 28.12,
4771,205es03070:_MS,EB to SB @ SR500,
4772,205es03356:_MS,N. of Andresen,
4773,005es00169:_MN,NB 4th Plain,
4774,205es03321:_MS,North of Padden,
4775,014es00731:_MW,Bella Vista Rd,
4776,014es00790:_ME,152nd Ave,
4694,005es00042:_MS,SR14,
4695,005es00209:_MN,SR500,
4696,500es00480:_ME,I-205,
4697,205es02886:_MN,9th St NB,
4698,005es00032:_MN,InterstateBrdg,
4699,005es00032:_MS,InterstateBrdg,
4700,005es00297:_MS,Main St,
4701,205es02869:_MN,Mill Pln NB Ramp,
4702,005es00325:_MS,Main St North,
4703,205es03110:_MN,SR-500 NB On Rmp,
4704,005es00164:_MS,North of 4th Pln,
4705,205es02984:_MS,Burton Rd,
4706,005es00325:_MN,Main St North,
4707,205es02984:_MN,Burton Rd,
4708,500es00546:_ME,112th Ave,
4709,500es00546:_MW,112th Ave,
4710,005es00164:_MN,North of 4th Pln,
4711,500es00480:_MW,I-205,
4712,014es01670:_ME,27th,
4713,005es00209:_MS,SR500,
4714,014es01670:_MW,27th,
4715,005es00042:_MN,SR14,
4716,005es00297:_MN,Main St,
426,__S:205es02936:_MN,18th,
314,205es02936:_MN,18th ST NB,
4652,500es00964:_ME,79th ST,
4653,014es00193:_MW,MP 1.93,
4654,500es00332:_ME,Andresen RD,
4655,500es00235:_MW,54th Ave,
4656,005es00824:_MS,154th,
4657,005es00824:_MN,154th,
4658,500es00332:_MW,Andresen RD,
4659,500es00235:_ME,54th Ave,
4660,014es00193:_ME,MP 1.93,
4661,500es00964:_MW,79th ST,
360,500es00964:_ME,78th ST,
