device_id,stationid,locationid,start_date,end_date,active_dates,lane_number
10010,1063,55,2016-02-22,,"[2016-02-22,)",1
10008,1065,53,2016-02-22,,"[2016-02-22,)",1
10007,1066,52,2016-02-22,,"[2016-02-22,)",1
10006,1067,51,2016-02-22,,"[2016-02-22,)",1
10005,1068,50,2016-02-22,,"[2016-02-22,)",1
10004,1069,49,2016-02-22,,"[2016-02-22,)",1
10003,1070,48,2016-02-22,,"[2016-02-22,)",1
10002,1071,47,2016-02-22,,"[2016-02-22,)",1
10016,1078,60,2016-02-22,,"[2016-02-22,)",1
10015,1079,59,2016-02-22,,"[2016-02-22,)",1
10014,1080,58,2016-02-22,,"[2016-02-22,)",1
10013,1111,56,2016-02-22,,"[2016-02-22,)",1
10213,10661,541,,,"(,)",1
10070,232,276,2016-02-22,,"[2016-02-22,)",1
10071,232,274,2016-02-22,,"[2016-02-22,)",2
10053,1004,125,2016-02-22,,"[2016-02-22,)",1
10054,1004,126,2016-02-22,,"[2016-02-22,)",2
10055,1005,127,2016-02-22,,"[2016-02-22,)",1
10056,1006,128,2016-02-22,,"[2016-02-22,)",1
10057,1007,129,2016-02-22,,"[2016-02-22,)",1
10073,1008,201,2016-02-22,,"[2016-02-22,)",1
10074,1009,202,2016-02-22,,"[2016-02-22,)",1
10075,1010,203,2016-02-22,,"[2016-02-22,)",1
10076,1011,204,2016-02-22,,"[2016-02-22,)",1
10077,1012,205,2016-02-22,,"[2016-02-22,)",1
10078,1013,206,2016-02-22,,"[2016-02-22,)",1
10079,1013,207,2016-02-22,,"[2016-02-22,)",2
10040,1015,113,2016-02-22,,"[2016-02-22,)",1
10166,1019,211,2016-02-22,,"[2016-02-22,)",1
10167,1020,212,2016-02-22,,"[2016-02-22,)",1
10168,1021,213,2016-02-22,,"[2016-02-22,)",1
10169,1023,215,2016-02-22,,"[2016-02-22,)",1
10170,1023,214,2016-02-22,,"[2016-02-22,)",2
10171,1024,216,2016-02-22,,"[2016-02-22,)",1
10172,1025,217,2018-01-19,,"[2018-01-19,)",1
10183,1026,232,2016-02-22,,"[2016-02-22,)",1
10182,1027,231,2016-02-22,,"[2016-02-22,)",1
10180,1028,229,2016-02-22,,"[2016-02-22,)",1
10179,1029,228,2016-02-22,,"[2016-02-22,)",1
10178,1030,227,2016-02-22,,"[2016-02-22,)",1
10177,1031,226,2016-02-22,,"[2016-02-22,)",1
10176,1032,225,2016-02-22,,"[2016-02-22,)",1
10174,1034,223,2016-02-22,,"[2016-02-22,)",1
10173,1035,222,2016-02-22,,"[2016-02-22,)",1
10041,1036,114,2016-02-22,,"[2016-02-22,)",1
10208,1037,134,2020-01-27,,"[2020-01-27,)",1
10046,1038,133,2016-02-22,,"[2016-02-22,)",1
10047,1039,132,2016-02-22,,"[2016-02-22,)",1
10048,1040,131,2016-02-22,,"[2016-02-22,)",1
10159,1042,263,2016-02-22,,"[2016-02-22,)",1
10160,1043,264,2016-02-22,,"[2016-02-22,)",1
10097,1045,267,2016-02-22,,"[2016-02-22,)",1
10096,1046,268,2016-02-22,,"[2016-02-22,)",1
10095,1047,269,2016-02-22,,"[2016-02-22,)",1
10113,1049,295,2018-01-19,,"[2018-01-19,)",1
10112,1050,294,2016-02-22,,"[2016-02-22,)",1
10105,1054,288,2016-02-22,,"[2016-02-22,)",1
10117,1059,254,2016-02-22,,"[2016-02-22,)",1
10118,1060,253,2016-02-22,,"[2016-02-22,)",1
10119,1061,252,2016-02-22,,"[2016-02-22,)",1
10120,1062,251,2016-02-22,,"[2016-02-22,)",1
10023,1072,66,2016-02-22,,"[2016-02-22,)",1
10022,1073,65,2016-02-22,,"[2016-02-22,)",1
10021,1074,64,2016-02-22,,"[2016-02-22,)",1
10020,1075,63,2016-02-22,,"[2016-02-22,)",1
10018,1076,62,2016-02-22,,"[2016-02-22,)",1
10017,1077,61,2016-02-22,,"[2016-02-22,)",1
10187,1082,235,2016-02-22,,"[2016-02-22,)",1
10189,1083,238,2016-02-22,,"[2016-02-22,)",1
10190,1084,237,2016-02-22,,"[2016-02-22,)",1
10198,1085,239,2018-01-19,,"[2018-01-19,)",1
10192,1086,240,2016-02-22,,"[2016-02-22,)",1
10193,1087,241,2016-02-22,,"[2016-02-22,)",1
10066,1089,185,2016-02-22,,"[2016-02-22,)",1
10067,1089,186,2016-02-22,,"[2016-02-22,)",2
10060,1090,187,2016-02-22,,"[2016-02-22,)",1
10064,1092,192,2016-02-22,,"[2016-02-22,)",1
10205,1094,245,2018-11-30,,"[2018-11-30,)",1
10195,1095,244,2018-01-19,,"[2018-01-19,)",1
10034,1096,96,2016-02-22,,"[2016-02-22,)",1
10184,1097,246,2016-02-22,,"[2016-02-22,)",1
10104,1098,287,2016-02-22,,"[2016-02-22,)",1
10146,1100,282,2016-02-22,,"[2016-02-22,)",1
10147,1101,281,2016-02-22,,"[2016-02-22,)",1
10148,1102,280,2016-02-22,,"[2016-02-22,)",1
10081,1105,219,2016-02-22,,"[2016-02-22,)",1
10100,1106,283,2016-02-22,,"[2016-02-22,)",1
10101,1106,284,2016-02-22,,"[2016-02-22,)",2
10153,1113,257,2016-02-22,,"[2016-02-22,)",1
10152,1114,275,2016-02-22,,"[2016-02-22,)",1
10151,1115,277,2016-02-22,,"[2016-02-22,)",1
10154,1116,258,2016-02-22,,"[2016-02-22,)",1
10039,1119,110,2016-02-22,,"[2016-02-22,)",1
10038,1120,109,2016-02-22,,"[2016-02-22,)",1
10037,1121,108,2016-02-22,,"[2016-02-22,)",1
10089,1122,191,2016-02-22,,"[2016-02-22,)",1
10098,1124,266,2016-02-22,,"[2016-02-22,)",1
10103,1125,286,2016-02-22,,"[2016-02-22,)",1
10102,1126,285,2016-02-22,,"[2016-02-22,)",1
10116,1127,250,2016-02-22,,"[2016-02-22,)",1
10200,1128,236,2018-01-19,,"[2018-01-19,)",1
10204,1129,242,2017-12-18,,"[2017-12-18,)",1
10080,1131,218,2016-02-22,,"[2016-02-22,)",1
10043,1132,111,2016-02-22,,"[2016-02-22,)",1
10044,1133,112,2016-02-22,,"[2016-02-22,)",1
10035,1134,106,2016-02-22,,"[2016-02-22,)",1
10196,1136,243,2018-01-19,,"[2018-01-19,)",1
10185,1138,233,2016-02-22,,"[2016-02-22,)",1
10090,1140,273,2016-02-22,,"[2016-02-22,)",1
10111,1141,293,2016-02-22,,"[2016-02-22,)",1
10110,1143,292,2016-02-22,,"[2016-02-22,)",1
10158,1144,262,2016-02-22,,"[2016-02-22,)",1
10206,1145,255,2020-01-27,,"[2020-01-27,)",1
10207,1146,197,2020-01-27,,"[2020-01-27,)",1
10181,1147,230,2016-02-22,,"[2016-02-22,)",1
10069,1148,189,2016-02-22,,"[2016-02-22,)",1
10072,3127,248,2016-02-22,,"[2016-02-22,)",1
10114,3127,247,2016-02-22,,"[2016-02-22,)",2
10011,3154,57,2016-02-22,,"[2016-02-22,)",1
10068,3161,188,2016-02-22,,"[2016-02-22,)",1
10186,3178,234,2016-02-22,2024-06-03,"[2016-02-22,2024-06-03)",1
10065,3181,190,2016-02-22,,"[2016-02-22,)",1
10026,10023,68,2016-02-22,,"[2016-02-22,)",1
10027,10024,69,2016-02-22,,"[2016-02-22,)",1
10024,10027,72,2016-02-22,,"[2016-02-22,)",1
10025,10028,73,2016-02-22,,"[2016-02-22,)",1
10162,10356,208,2016-02-22,,"[2016-02-22,)",1
10164,10356,209,2016-02-22,,"[2016-02-22,)",2
10115,10556,249,2016-02-22,,"[2016-02-22,)",1
10108,10581,291,2016-02-22,,"[2016-02-22,)",1
10106,10583,289,2016-02-22,,"[2016-02-22,)",1
10107,10583,290,2016-02-22,,"[2016-02-22,)",2
10091,10584,272,2016-02-22,,"[2016-02-22,)",1
10092,10585,271,2016-02-22,,"[2016-02-22,)",1
10093,10588,270,2016-02-22,,"[2016-02-22,)",1
10150,10589,278,2016-02-22,,"[2016-02-22,)",1
10099,10590,265,2016-02-22,,"[2016-02-22,)",1
10209,10660,529,2021-12-09,,"[2021-12-09,)",1
10058,10662,122,2016-02-22,2022-05-18,"[2016-02-22,2022-05-18)",1
10143,10666,116,2016-02-22,2022-05-18,"[2016-02-22,2022-05-18)",1
10052,10667,124,2016-02-22,2022-05-18,"[2016-02-22,2022-05-18)",1
10211,10668,534,2022-09-30,,"[2022-09-30,)",1
10212,10669,537,2022-09-30,,"[2022-09-30,)",1
1000406,1583,005es00045:_MSRA_1,2017-04-08,,"[2017-04-08,)",1
1000407,1583,005es00045:_MSRA_2,2017-04-08,,"[2017-04-08,)",2
1000408,1583,005es00045:_MSRA_3,2017-04-08,,"[2017-04-08,)",3
1000409,1503,005es00095:_MSRA_1,2020-08-09,,"[2020-08-09,)",1
1000410,1503,005es00095:_MSRA_2,2020-08-09,,"[2020-08-09,)",2
1000411,1503,005es00095:_MSRA_3,2022-07-14,,"[2022-07-14,)",3
1000412,10703,005es00163:_MSRA_1,2020-08-09,,"[2020-08-09,)",1
1000413,10703,005es00163:_MSRA_2,2020-08-14,,"[2020-08-14,)",2
1000414,10830,005es00169:_MNRA_1,2024-02-15,,"[2024-02-15,)",1
1000415,10830,005es00169:_MNRA_2,2024-02-15,,"[2024-02-15,)",2
1000416,1628,005es00210:_MSRA_1,2020-10-02,,"[2020-10-02,)",1
1000417,1628,005es00210:_MSRA_2,2020-10-02,,"[2020-10-02,)",2
1000418,10705,005es00295:_MSRA_1,2020-08-09,,"[2020-08-09,)",1
1000419,1555,005es00424:_MSLA_1,2020-08-09,,"[2020-08-09,)",1
1000420,1555,005es00424:_MSRA_1,2020-08-09,,"[2020-08-09,)",1
1000421,1555,005es00424:_MSRA_2,2020-08-09,,"[2020-08-09,)",2
1000422,10798,014es00838:_MWRA_1,2023-07-10,,"[2023-07-10,)",1
1000423,10798,014es00838:_MWRA_3,2023-07-10,,"[2023-07-10,)",3
1000424,10825,205es02812:_MSRA_1,2024-01-15,,"[2024-01-15,)",1
1000425,10825,205es02812:_MSRA_2,2025-08-05,,"[2025-08-05,)",2
1000426,10713,205es02870:_MNRA_1,2021-11-10,,"[2021-11-10,)",1
1000427,10713,205es02870:_MNRA_2,2021-11-10,,"[2021-11-10,)",2
1000428,10824,205es02903:_MSRA_1,2024-01-15,,"[2024-01-15,)",1
1000429,10824,205es02903:_MSRA_2,2024-01-15,,"[2024-01-15,)",2
1000430,10827,205es03068:_MSLA_1,2024-01-15,,"[2024-01-15,)",1
1000431,10827,205es03068:_MSRA_1,2024-01-15,,"[2024-01-15,)",1
1000432,10828,205es03070:_MSLA_1,2024-03-02,,"[2024-03-02,)",1
1000433,10828,205es03070:_MSRA_1,2024-01-15,,"[2024-01-15,)",1
1000434,10828,205es03070:_MSRA_2,2024-01-15,,"[2024-01-15,)",2
1000435,10697,205es03111:_MNRA_1,2020-08-09,,"[2020-08-09,)",1
1000436,10697,205es03111:_MNRA_2,2020-08-09,,"[2020-08-09,)",2
1000437,10697,205es03111:_MNRA_3,2021-11-09,,"[2021-11-09,)",3
1000438,10812,205es03288:_MSRA_1,2024-01-13,,"[2024-01-13,)",1
1000439,10826,205es03311:_MSRA_1,2024-01-15,,"[2024-01-15,)",1
1000440,10829,205es03656:_MSRA_1,2024-01-23,,"[2024-01-23,)",1
1000441,10829,205es03656:_MSRA_2,2024-01-23,,"[2024-01-23,)",2
